"Category","Item","Tier 0 Local","Tier 1 Lean","Tier 2 Standard","Tier 3 Stretch","Notes"
"Inference","Local Ollama coder model (7B-14B)","$0","$0","$0","$0","Existing machine; slower, weaker"
"Inference","Hosted open-weight model APIs","-","$80-120","$150-200","$200-300","Pay per token; hard monthly cap"
"Inference","Frontier model (planning/escalation)","-","-","$300-400","$400-500","Only for plan and hard repairs"
"Inference","Rented GPU benchmarking","-","-","$150","-","Test self-hosting economics"
"Inference","3-day 8-GPU node rental","-","-","-","$1,200-1,500","Evidence for target stack"
"Control plane","State machine + SQLite/Postgres (Docker Compose)","$0","$0","$0","$0","Replaces Temporal + K8s"
"Sandbox","Rootless Docker, no egress","$0","$0","$0","$0","Replaces Firecracker"
"Source/CI","Forgejo or GitHub free","$0","$0-20","$0-20","$0-20","VPS if self-hosted"
"Observability","Langfuse single container or CSV log","$0","$0","$0","$0","Track tokens and cost per project"
"Security scans","Semgrep, Gitleaks, Trivy","$0","$0","$0","$0","Free/open source"
"Staging","Local preview / small VPS / free tier","$0","$10-20/mo","$10-20/mo","$10-20/mo","Domain optional (about $12/yr)"
"Contingency","About 20%","$0-5","about $35","about $140","about $400",""
"Total (8 weeks)","","about $0-30","about $220","about $875","about $2,500","Planning estimates for 2026; verify prices"
